"Gear name","Cycle","Technology","Secret number","Missing side","Side name","Available side","Acquisition","Printed IDs","Notes","Definition ID"
"Alchemist Armor","Cycle IV","Midascore Autopsy","","Front","Alchemist Armor","","Crafting","DJ2313; DJ2314","No supplied artwork is linked to this side.","def_3ec7cce4dd5512754216178f"
"Auric Kalaharis","Cycle IV","Midascore Autopsy","","Front","Auric Kalaharis","","Crafting","DJ2370","No supplied artwork is linked to this side.","def_2d97b21b2dbd6564f318f45e"
"Silk Armor","Cycle IV","Midascore Autopsy","","Front","Silk Armor","","Crafting","DJ2311; DJ2312","No supplied artwork is linked to this side.","def_69223aa434cfe0f1c6352ae7"
"Suntanned Fists","Cycle IV","","","Flipped side","Stock Cryptex","","Other","DJ2225; DJ2226; DJ2227; DJ2228","No supplied artwork is linked to this side.","def_dacbc38091cf931db98615dd"
"Suntanned Fists","Cycle IV","","","Front","Suntanned Fists","","Other","DJ2225; DJ2226; DJ2227; DJ2228","No supplied artwork is linked to this side.","def_dacbc38091cf931db98615dd"
"Hermes Cape","Cycle II","Bronze Lair","","Front","Hermes Cape","","Crafting","BJ0966","No supplied artwork is linked to this side.","def_88a18e2eaae89de4bce7c5c0"
"Eschaton Stones","Cycle I","","23","Front","Eschaton Stones","","Story","AJ0283","This face contains only printed text and icons, with no illustration to retain. The live card layout supplies its content; no blank background asset is linked.","def_fe06f847c18e2a818d840f71"
"Fists","Cycle I","","","Front","Fists","","Other","AJ0156; AJ0157; AJ0158; AJ0159","Default unarmed gear; no supplied artwork is linked to this side.","def_62a3e0517a2a4d9785a77317"
"Trireme Breastplate","Cycle I","Pursuer Sighting","","Front","Trireme Breastplate","","Crafting","AJ0266; AJ0267","No supplied artwork is linked to this side.","def_f43a1144b1f9a3e08f8bc6c3"
"Vulture Mask","Cycle I","","18","Front","Vulture Mask","","Crit Loot","AJ0279","No supplied artwork is linked to this side.","def_d45ced1407859178d2827127"
"Yarn Talisman","Cycle I","","21","Front","Yarn Talisman","","Story","AJ0281","No supplied artwork is linked to this side.","def_24c18664df168e0a50b413af"
